Genus,Species,GenusSpecies,COMMONNAME,Common,Combined
Abies,alba,Abies alba,Silver fir,"Fir, Silver",Silver fir/Abies alba
Abies,balsamea,Abies balsamea,Balsam fir,"Fir, Balsam",Balsam fir/Abies balsamea
Abies,concolor,Abies concolor,White fir,"Fir, White",White fir/Abies concolor
Abies,fraseri,Abies fraseri,Fraser fir,"Fir, Fraser",Fraser fir/Abies fraseri
Abies,spp.,Abies spp.,Fir species,"Fir, Species",Fir species/Abies spp.
Acer,campestre,Acer campestre,Field maple,"Maple, Field",Field maple/Acer campestre
Acer,freemanii,Acer freemanii,Freeman maple,"Maple, Freeman",Freeman maple/Acer freemanii
Acer,ginnala,Acer ginnala,Amur maple,"Maple, Amur",Amur maple/Acer ginnala
Acer,griseum,Acer griseum,Paperbark maple,"Maple, Paperbark",Paperbark maple/Acer griseum
Acer,miyabei,Acer miyabei,Miyabe maple,"Maple, Miyabe",Miyabe maple/Acer miyabei
Acer,negundo,Acer negundo,Boxelder,Boxelder,Boxelder/Acer negundo
Acer,nigrum,Acer nigrum,Black maple,"Maple, Black",Black maple/Acer nigrum
Acer,palmatum,Acer palmatum,Japanese maple,"Maple, Japanese",Japanese maple/Acer palmatum
Acer,platanoides,Acer platanoides,Norway maple,"Maple, Norway",Norway maple/Acer platanoides
Acer,pseudoplatanus,Acer pseudoplatanus,Sycamore maple,"Maple, Sycamore",Sycamore maple/Acer pseudoplatanus
Acer,rubrum,Acer rubrum,Red maple,"Maple, Red",Red maple/Acer rubrum
Acer,saccharinum,Acer saccharinum,Silver maple,"Maple, Silver",Silver maple/Acer saccharinum
Acer,saccharum,Acer saccharum,Sugar maple,"Maple, Sugar",Sugar maple/Acer saccharum
Acer,spp.,Acer spp.,Maple species,"Maple, Species",Maple species/Acer spp.
Aesculus,carnea,Aesculus carnea,Red horsechestnut,"Horsechestnut, Red",Red horsechestnut/Aesculus carnea
Aesculus,flava,Aesculus flava,Yellow buckeye,"Buckeye, Yellow",Yellow buckeye/Aesculus flava
Aesculus,glabra,Aesculus glabra,Ohio buckeye,"Buckeye, Ohio",Ohio buckeye/Aesculus glabra
Aesculus,hippocastanum,Aesculus hippocastanum,Horsechestnut,Horsechestnut,Horsechestnut/Aesculus hippocastanum
Aesculus,spp.,Aesculus spp.,Buckeye species,"Buckeye, Species",Buckeye species/Aesculus spp.
Ailanthus,altissima,Ailanthus altissima,Tree of heaven,Tree of Heaven,Tree of heaven/Ailanthus altissima
Alnus,cordata,Alnus cordata,Italian alder,"Alder, Italian",Italian alder/Alnus cordata
Alnus,glutinosa,Alnus glutinosa,Black alder,"Alder, Black",Black alder/Alnus glutinosa
Alnus,hirsuta,Alnus hirsuta,Grey alder,"Alder, Grey",Grey alder/Alnus hirsuta
Alnus,incana,Alnus incana,Speckled alder,"Alder, Speckled",Speckled alder/Alnus incana
Alnus,spp.,Alnus spp.,Alder species,"Alder, Species",Alder species/Alnus spp.
Amelanchier,arborea,Amelanchier arborea,Downy serviceberry,"Serviceberry, Downy",Downy serviceberry/Amelanchier arborea
Amelanchier,canadensis,Amelanchier canadensis,Canadian serviceberry,"Serviceberry, Canadian",Canadian serviceberry/Amelanchier canadensis
Amelanchier,grandiflora,Amelanchier grandiflora,Apple serviceberry,"Serviceberry, Apple",Apple serviceberry/Amelanchier grandiflora
Amelanchier,laevis,Amelanchier laevis,Alleghaney serviceberry,"Serviceberry, Alleghaney",Alleghaney serviceberry/Amelanchier laevis
Amelanchier,spp.,Amelanchier spp.,Serviceberry species,"Serviceberry, Species",Serviceberry species/Amelanchier spp.
Aralia,spinosa,Aralia spinosa,Devil's walking stick,Devil's walking stick,Devil's walking stick/Aralia spinosa
Asimina,triloba,Asimina triloba,Pawpaw,Pawpaw,Pawpaw/Asimina triloba
Berberis,spp.,Berberis spp.,Barberry species,Barberry,Barberry species/Berberis spp.
Betula,alleghaniensis,Betula alleghaniensis,Yellow birch,"Birch, Yellow",Yellow birch/Betula alleghaniensis
Betula,lenta,Betula lenta,Sweet birch,"Birch, Sweet",Sweet birch/Betula lenta
Betula,nigra,Betula nigra,River birch,"Birch, River",River birch/Betula nigra
Betula,papyrifera,Betula papyrifera,Paper birch,"Birch, Paper",Paper birch/Betula papyrifera
Betula,pendula,Betula pendula,Silver birch,"Birch, Silver",Silver birch/Betula pendula
Betula,populifolia,Betula populifolia,Gray birch,"Birch, Gray",Gray birch/Betula populifolia
Betula,spp.,Betula spp.,Birch species,"Birch, Species",Birch species/Betula spp.
Carpinus,betulus,Carpinus betulus,European hornbeam,"Hornbeam, European",European hornbeam/Carpinus betulus
Carpinus,caroliniana,Carpinus caroliniana,American hornbeam,"Hornbeam, American",American hornbeam/Carpinus caroliniana
Carpinus,spp.,Carpinus spp.,Hornbeam species,"Hornbeam, Species",Hornbeam species/Carpinus spp.
Carya,cordiformis,Carya cordiformis,Bitternut hickory,"Hickory, Bitternut",Bitternut hickory/Carya cordiformis
Carya,glabra,Carya glabra,Pignut hickory,"Hickory, Pignut",Pignut hickory/Carya glabra
Carya,illinoinensis,Carya illinoinensis,Pecan,Pecan,Pecan/Carya illinoinensis
Carya,laciniosa,Carya laciniosa,Shellbark hickory,"Hickory, Shellbark",Shellbark hickory/Carya laciniosa
Carya,ovata,Carya ovata,Shagbark hickory,"Hickory, Shagbark",Shagbark hickory/Carya ovata
Carya,spp.,Carya spp.,Hickory species,"Hickory, Species",Hickory species/Carya spp.
Carya,tomentosa,Carya tomentosa,Mockernut hickory,"Hickory, Mockernut",Mockernut hickory/Carya tomentosa
Castanea,dentata,Castanea dentata,American chestnut,"Chestnut, American",American chestnut/Castanea dentata
Castanea,mollissima,Castanea mollissima,Chinese chestnut,"Chestnut, Chinese",Chinese chestnut/Castanea mollissima
Catalpa,speciosa,Catalpa speciosa,Northern catalpa,"Catalpa, Northern",Northern catalpa/Catalpa speciosa
Catalpa,spp.,Catalpa spp.,Catalpa species,"Catalpa, Species",Catalpa species/Catalpa spp.
Celastrus,orbiculatus,Celastrus orbiculatus,Oriental bittersweet,"Bittersweet, Oriental",Oriental bittersweet/Celastrus orbiculatus
Celtis,laevigata,Celtis laevigata,Sugarberry,"Hackberry, Sugarberry",Sugarberry/Celtis laevigata
Celtis,occidentalis,Celtis occidentalis,Eastern hackberry,"Hackberry, Eastern",Eastern hackberry/Celtis occidentalis
Celtis,spp.,Celtis spp.,Hackberry species,"Hackberry, Species",Hackberry species/Celtis spp.
Cercidiphyllum,japonicum,Cercidiphyllum japonicum,Katsura tree,Katsura,Katsura tree/Cercidiphyllum japonicum
Cercis,canadensis,Cercis canadensis,Eastern redbud,"Redbud, Eastern",Eastern redbud/Cercis canadensis
Cercis,occidentalis,Cercis occidentalis,Western redbud,"Redbud, Western",Western redbud/Cercis occidentalis
Cercis,spp.,Cercis spp.,Redbud species,"Redbud, Species",Redbud species/Cercis spp.
Chamaecyparis,obtusa,Chamaecyparis obtusa,Hinoki-cypress,"Cypress, Hinoki",Hinoki-cypress/Chamaecyparis obtusa
Chamaecyparis,spp.,Chamaecyparis spp.,Chamaecyparis species,"Cypress, Species",Chamaecyparis species/Chamaecyparis spp.
Chionanthus,virginicus,Chionanthus virginicus,White fringetree,"Fringetree, White",White fringetree/Chionanthus virginicus
Cladrastis,kentukea,Cladrastis kentukea,Yellowwood,Yellowwood,Yellowwood/Cladrastis kentukea
Cornus,alternifolia,Cornus alternifolia,Pagoda dogwood,"Dogwood, Pagoda",Pagoda dogwood/Cornus alternifolia
Cornus,florida,Cornus florida,Flowering dogwood,"Dogwood, Flowering",Flowering dogwood/Cornus florida
Cornus,kousa,Cornus kousa,Kousa dogwood,"Dogwood, Kousa",Kousa dogwood/Cornus kousa
Cornus,mas,Cornus mas,Cornelian cherry dogwood,"Dogwood, Cornelian cherry",Cornelian cherry dogwood/Cornus mas
Cornus,racemosa,Cornus racemosa,Gray dogwood,"Dogwood, Gray",Gray dogwood/Cornus racemosa
Cornus,spp.,Cornus spp.,Dogwood species,"Dogwood, Species",Dogwood species/Cornus spp.
Corylus,americana,Corylus americana,American hazel,"Hazel, American",American hazel/Corylus americana
Corylus,avellana,Corylus avellana,Common hazel,"Hazel, Common",Common hazel/Corylus avellana
Corylus,colurna,Corylus colurna,Turkish hazel,"Hazel, Turkish",Turkish hazel/Corylus colurna
Corylus,spp.,Corylus spp.,Hazel species,"Hazel, Species",Hazel species/Corylus spp.
Cotinus,coggygria,Cotinus coggygria,Eastern smoketree,"Smoketree, Eastern",Eastern smoketree/Cotinus coggygria
Crataegus,crus-galli,Crataegus crus-galli,Cockspur hawthorn,"Hawthorn, Cockspur",Cockspur hawthorn/Crataegus crus-galli
Crataegus,laevigata,Crataegus laevigata,English hawthorn,"Hawthorn, English",English hawthorn/Crataegus laevigata
Crataegus,mollis,Crataegus mollis,Downy hawthorn,"Hawthorn, Downy",Downy hawthorn/Crataegus mollis
Crataegus,phaenopyrum,Crataegus phaenopyrum,Washington hawthorn,"Hawthorn, Washington",Washington hawthorn/Crataegus phaenopyrum
Crataegus,spp.,Crataegus spp.,Hawthorn species,"Hawthorn, Species",Hawthorn species/Crataegus spp.
Crataegus,viridis,Crataegus viridis,Green hawthorn,"Hawthorn, Green",Green hawthorn/Crataegus viridis
Diospyros,virginiana,Diospyros virginiana,Common persimmon,"Persimmon, Common",Common persimmon/Diospyros virginiana
Elaeagnus,angustifolia,Elaeagnus angustifolia,Russian olive,"Olive, Russian",Russian olive/Elaeagnus angustifolia
Elaeagnus,umbellata,Elaeagnus umbellata,Autumn olive,"Olive, Autumn",Autumn olive/Elaeagnus umbellata
Eucommia,ulmoides,Eucommia ulmoides,Hardy rubber-tree,Hardy rubber tree,Hardy rubber-tree/Eucommia ulmoides
Euonymus,alatus,Euonymus alatus,Burning bush,Burning bush,Burning bush/Euonymus alatus
Euonymus,atropurpureus,Euonymus atropurpureus,Eastern wahoo,Eastern wahoo,Eastern wahoo/Euonymus atropurpureus
Euonymus,spp.,Euonymus spp.,Euonymus species,"Euonymus, Species",Euonymus species/Euonymus spp.
Fagus,grandifolia,Fagus grandifolia,American beech,"Beech, American",American beech/Fagus grandifolia
Fagus,spp.,Fagus spp.,Beech species,"Beech, Species",Beech species/Fagus spp.
Fagus,sylvatica,Fagus sylvatica,European beech,"Beech, European",European beech/Fagus sylvatica
Forsythia,spp.,Forsythia spp.,Forsythia species,"Forsythia, Species",Forsythia species/Forsythia spp.
Fraxinus,americana,Fraxinus americana,White ash,"Ash, White",White ash/Fraxinus americana
Fraxinus,nigra,Fraxinus nigra,Black ash,"Ash, Black",Black ash/Fraxinus nigra
Fraxinus,pennsylvanica,Fraxinus pennsylvanica,Green ash,"Ash, Green",Green ash/Fraxinus pennsylvanica
Fraxinus,quadrangulata,Fraxinus quadrangulata,Blue ash,"Ash, Blue",Blue ash/Fraxinus quadrangulata
Fraxinus,spp.,Fraxinus spp.,Ash species,"Ash, Species",Ash species/Fraxinus spp.
Fraxinus,tomentosa,Fraxinus tomentosa,Pumpkin ash,"Ash, Pumpkin",Pumpkin ash/Fraxinus tomentosa
Ginkgo,biloba,Ginkgo biloba,Ginkgo,Ginkgo,Ginkgo/Ginkgo biloba
Gleditsia,triacanthos,Gleditsia triacanthos,Honeylocust,Honeylocust,Honeylocust/Gleditsia triacanthos
Gymnocladus,dioicus,Gymnocladus dioicus,Kentucky coffeetree,Kentucky Coffeetree,Kentucky coffeetree/Gymnocladus dioicus
Halesia,spp.,Halesia spp.,Silverbell species,Silverbells,Silverbell species/Halesia spp.
Hamamelis,spp.,Hamamelis spp.,Witch hazel species,"Witch hazel, Species",Witch hazel species/Hamamelis spp.
Hamamelis,virginiana,Hamamelis virginiana,American witch hazel,"Hitch hazel, American",American witch hazel/Hamamelis virginiana
Hibiscus,spp.,Hibiscus spp.,Hibiscus species,"Hibiscus, Species",Hibiscus species/Hibiscus spp.
Ilex,spp.,Ilex spp.,Holly species,"Holly, Species",Holly species/Ilex spp.
Ilex,verticillata,Ilex verticillata,Winterberry,"Holly, Winterberry",Winterberry/Ilex verticillata
Juglans,cinerea,Juglans cinerea,Butternut,"Walnut, Butternut",Butternut/Juglans cinerea
Juglans,nigra,Juglans nigra,Black walnut,"Walnut, Black",Black walnut/Juglans nigra
Juglans,regia,Juglans regia,English walnut,"Walnut, English",English walnut/Juglans regia
Juglans,spp.,Juglans spp.,Walnut species,"Walnut, Species",Walnut species/Juglans spp.
Juniperus,chinensis,Juniperus chinensis,Chinese juniper,"Juniper, Chinese",Chinese juniper/Juniperus chinensis
Juniperus,communis,Juniperus communis,Common juniper,"Juniper, Common",Common juniper/Juniperus communis
Juniperus,spp.,Juniperus spp.,Juniper species,"Juniper, Species",Juniper species/Juniperus spp.
Juniperus,virginiana,Juniperus virginiana,Eastern redcedar,"Juniper, Redcedar",Eastern redcedar/Juniperus virginiana
Koelreuteria,paniculata,Koelreuteria paniculata,Golden raintree,Golden Raintree,Golden raintree/Koelreuteria paniculata
Larix,decidua,Larix decidua,European larch,"Larch, European",European larch/Larix decidua
Larix,laricina,Larix laricina,Tamarack,"Larch, Tamarack",Tamarack/Larix laricina
Larix,spp.,Larix spp.,Larch species,"Larch, Species",Larch species/Larix spp.
Ligustrum,spp.,Ligustrum spp.,Privet species,Privet,Privet species/Ligustrum spp.
Lindera,benzoin,Lindera benzoin,Northern spicebush,"Spicebush, Northern",Northern spicebush/Lindera benzoin
Liquidambar,styraciflua,Liquidambar styraciflua,Sweetgum,Sweetgum,Sweetgum/Liquidambar styraciflua
Liriodendron,tulipifera,Liriodendron tulipifera,Tuliptree,Tuliptree,Tuliptree/Liriodendron tulipifera
Lonicera,maackii,Lonicera maackii,Amur honeysuckle,"Honeysuckle, Amur",Amur honeysuckle/Lonicera maackii
Lonicera,spp.,Lonicera spp.,Honeysuckle species,"Honeysuckle, Species",Honeysuckle species/Lonicera spp.
Maclura,pomifera,Maclura pomifera,Osage orange,Osage Orange,Osage orange/Maclura pomifera
Magnolia,acuminata,Magnolia acuminata,Cucumber magnolia,"Magnolia, Cucumber",Cucumber magnolia/Magnolia acuminata
Magnolia,kobus,Magnolia kobus,Kobus magnolia,"Magnolia, Kobus",Kobus magnolia/Magnolia kobus
Magnolia,liliiflora,Magnolia liliiflora,Lily magnolia,"Magnolia, Lily",Lily magnolia/Magnolia liliiflora
Magnolia,soulangeana,Magnolia soulangeana,Saucer magnolia,"Magnolia, Saucer",Saucer magnolia/Magnolia soulangeana
Magnolia,spp.,Magnolia spp.,Magnolia species,"Magnolia, Species",Magnolia species/Magnolia spp.
Magnolia,stellata,Magnolia stellata,Star magnolia,"Magnolia, Star",Star magnolia/Magnolia stellata
Magnolia,virginiana,Magnolia virginiana,Sweetbay magnolia,"Magnolia, Sweetbay",Sweetbay magnolia/Magnolia virginiana
Malus,pumila,Malus pumila,Apple,Apple,Apple/Malus pumila
Malus,sargentii,Malus sargentii,Sargent's crabapple,"Apple, Sargent's",Sargent's crabapple/Malus sargentii
Malus,spp.,Malus spp.,Apple species,"Apple, Species",Apple species/Malus spp.
Melia,azedarach,Melia azedarach,Chinaberry,Chinaberry,Chinaberry/Melia azedarach
Malus,hybrid,Malus hybrid,Hybrid apple,"Apple, Hybrid",Hybrid apple/Malus hybrid
Metasequoia,glyptostroboides,Metasequoia glyptostroboides,Dawn redwood,Dawn Redwood,Dawn redwood/Metasequoia glyptostroboides
Morus,alba,Morus alba,White mulberry,"Mulberry, White",White mulberry/Morus alba
Morus,rubra,Morus rubra,Red mulberry,"Mulberry, Red",Red mulberry/Morus rubra
Nothofagus,alpina,Nothofagus alpina,Rauli,Rauli,Rauli/Nothofagus alpina
Morus,spp.,Morus spp.,Mulberry species,"Mulberry, Species",Mulberry species/Morus spp.
Nyssa,aquatica,Nyssa aquatica,Water tupelo,"Tupelo, Water",Water tupelo/Nyssa aquatica
Nyssa,sylvatica,Nyssa sylvatica,Black tupelo,"Tupelo, Black",Black tupelo/Nyssa sylvatica
Ostrya,virginiana,Ostrya virginiana,Ironwood,Ironwood,Ironwood/Ostrya virginiana
Parrotia,persica,Parrotia persica,Persian ironwood,"Ironwood, Persian",Persian ironwood/Parrotia persica
Phellodendron,amurense,Phellodendron amurense,Amur corktree,Amur Corktree,Amur corktree/Phellodendron amurense
Philadelphus,coronarius,Philadelphus coronarius,Mock orange,Mock Orange,Mock orange/Philadelphus coronarius
Picea,abies,Picea abies,Norway spruce,"Spruce, Norway",Norway spruce/Picea abies
Picea,glauca,Picea glauca,White spruce,"Spruce, White",White spruce/Picea glauca
Picea,mariana,Picea mariana,Black spruce,"Spruce, Black",Black spruce/Picea mariana
Picea,omorika,Picea omorika,Serbian spruce,"Spruce, Serbian",Serbian spruce/Picea omorika
Picea,pungens,Picea pungens,Blue spruce,"Spruce, Blue",Blue spruce/Picea pungens
Picea,rubens,Picea rubens,Red spruce,"Spruce, Red",Red spruce/Picea rubens
Picea,spp.,Picea spp.,Spruce species,"Spruce, Species",Spruce species/Picea spp.
Pinus,banksiana,Pinus banksiana,Jack pine,"Pine, Jack",Jack pine/Pinus banksiana
Pinus,flexilis,Pinus flexilis,Limber pine,"Pine, Limber",Limber pine/Pinus flexilis
Pinus,mugo,Pinus mugo,Mugo pine,"Pine, Mugo",Mugo pine/Pinus mugo
Pinus,nigra,Pinus nigra,Austrian pine,"Pine, Austrian",Austrian pine/Pinus nigra
Pinus,resinosa,Pinus resinosa,Red pine,"Pine, Red",Red pine/Pinus resinosa
Pinus,spp.,Pinus spp.,Pine species,"Pine, Species",Pine species/Pinus spp.
Pinus,strobus,Pinus strobus,White pine,"Pine, White",White pine/Pinus strobus
Pinus,sylvestris,Pinus sylvestris,Scots pine,"Pine, Scots",Scots pine/Pinus sylvestris
Platanus,acerifolia,Platanus acerifolia,London planetree,"Sycamore, Planetree",London planetree/Platanus acerifolia
Platanus,occidentalis,Platanus occidentalis,American sycamore,"Sycamore, American",American sycamore/Platanus occidentalis
Platanus,spp.,Platanus spp.,Sycamore species,"Sycamore, Species",Sycamore species/Platanus spp.
Populus,alba,Populus alba,White poplar,"Poplar, White",White poplar/Populus alba
Populus,balsamifera,Populus balsamifera,Balsam poplar,"Poplar, Balsam",Balsam poplar/Populus balsamifera
Populus,deltoides,Populus deltoides,Eastern cottonwood,"Poplar, Cottonwood",Eastern cottonwood/Populus deltoides
Populus,spp.,Populus spp.,Poplar species,"Poplar, Species",Poplar species/Populus spp.
Populus,tremuloides,Populus tremuloides,Quaking aspen,"Aspen, Quaking",Quaking aspen/Populus tremuloides
Prunus,americana,Prunus americana,American plum,"Plum, American",American plum/Prunus americana
Prunus,avium,Prunus avium,Wild cherry,"Cherry, Wild",Wild cherry/Prunus avium
Prunus,cerasifera,Prunus cerasifera,Cherry plum,"Plum, Cherry",Cherry plum/Prunus cerasifera
Prunus,cistena,Prunus cistena,Purple-leaved sand cherry,"Cherry, Sand",Purple-leaved sand cherry/Prunus cistena
Prunus,pensylvanica,Prunus pensylvanica,Pin cherry,"Cherry, Pin",Pin cherry/Prunus pensylvanica
Prunus,persica,Prunus persica,Peach,Peach,Peach/Prunus persica
Prunus,sargentii,Prunus sargentii,Sargent cherry,"Cherry, Sargent",Sargent cherry/Prunus sargentii
Prunus,serotina,Prunus serotina,Black cherry,"Cherry, Black",Black cherry/Prunus serotina
Prunus,spp.,Prunus spp.,Cherry species,"Cherry, Species",Cherry species/Prunus spp.
Prunus,virginiana,Prunus virginiana,Choke cherry,"Cherry, Choke",Choke cherry/Prunus virginiana
Prunus,subhirtella,Prunus subhirtella,Winter-flowering cherry,"Cherry, Winter-flowering",Winter-flowering cherry/Prunus subhirtella
Pseudotsuga,menziesii,Pseudotsuga menziesii,Douglas fir,"Fir, Douglas",Douglas fir/Pseudotsuga menziesii
Ptelea,trifoliata,Ptelea trifoliata,Wafer ash,"Ash, wafer",Wafer ash/Ptelea trifoliata
Pyrus,calleryana,Pyrus calleryana,Callery pear,"Pear, Callery",Callery pear/Pyrus calleryana
Pyrus,communis,Pyrus communis,Common pear,"Pear, Common",Common pear/Pyrus communis
Pyrus,spp.,Pyrus spp.,Pear species,"Pear, Species",Pear species/Pyrus spp.
Quercus,acerifolia,Quercus acerifolia,Maple-leaved oak,"Oak, Maple-leaved",Maple-leaved oak/Quercus acerifolia
Quercus,acutissima,Quercus acutissima,Sawtooth oak,"Oak, Sawtooth",Sawtooth oak/Quercus acutissima
Quercus,alba,Quercus alba,White oak,"Oak, White",White oak/Quercus alba
Quercus,bebbiana,Quercus bebbiana,Bebb's oak,"Oak, Bebb's",Bebb's oak/Quercus bebbiana
Quercus,bicolor,Quercus bicolor,Swamp white oak,"White, Swamp",Swamp white oak/Quercus bicolor
Quercus,coccinea,Quercus coccinea,Scarlet oak,"Oak, Scarlet",Scarlet oak/Quercus coccinea
Quercus,ellipsoidalis,Quercus ellipsoidalis,Hill's oak,"Oak, Hill's",Hill's oak/Quercus ellipsoidalis
Quercus,hybrid,Quercus hybrid,Hybrid oak,"Oak, Hybrid",Hybrid oak/Quercus hybrid
Quercus,imbricaria,Quercus imbricaria,Shingle oak,"Oak, Shingle",Shingle oak/Quercus imbricaria
Quercus,lyrata,Quercus lyrata,Overcup oak,"Oak, Overcup",Overcup oak/Quercus lyrata
Quercus,macnabiana,Quercus macnabiana,Macnab's oak,"Oak, Macnab's",Macnab's oak/Quercus macnabiana
Quercus,macrocarpa,Quercus macrocarpa,Bur oak,"Oak, Bur",Bur oak/Quercus macrocarpa
Quercus,michauxii,Quercus michauxii,Swamp chestnut oak,"Oak, Swamp chestnut",Swamp chestnut oak/Quercus michauxii
Quercus,montana,Quercus montana,Chestnut oak,"Oak, Chestnut",Chestnut oak/Quercus montana
Quercus,muehlenbergii,Quercus muehlenbergii,Chinquapin oak,"Oak, Chinquapin",Chinquapin oak/Quercus muehlenbergii
Quercus,palustris,Quercus palustris,Pin oak,"Oak, Pin",Pin oak/Quercus palustris
Quercus,robur,Quercus robur,English oak,"Oak, English",English oak/Quercus robur
Quercus,rubra,Quercus rubra,Northern red oak,"Red, Northern",Northern red oak/Quercus rubra
Quercus,shumardii,Quercus shumardii,Shumard's oak,"Oak, Shumard's",Shumard's oak/Quercus shumardii
Quercus,spp.,Quercus spp.,Oak species,"Oak, Species",Oak species/Quercus spp.
Quercus,velutina,Quercus velutina,Black oak,"Oak, Black",Black oak/Quercus velutina
Rhamnus,cathartica,Rhamnus cathartica,European buckthorn,"Buckthorn, European",European buckthorn/Rhamnus cathartica
Rhamnus,frangula,Rhamnus frangula,Glossy buckthorn,"Buckthorn, Glossy",Glossy buckthorn/Rhamnus frangula
Rhamnus,spp.,Rhamnus spp.,Buckthorn species,"Buckthorn, Species",Buckthorn species/Rhamnus spp.
Rhus,glabra,Rhus glabra,Smooth sumac,"Sumac, Smooth",Smooth sumac/Rhus glabra
Rhus,spp.,Rhus spp.,Sumac species,"Sumac, Species",Sumac species/Rhus spp.
Rhus,typhina,Rhus typhina,Staghorn sumac,"Sumac, Staghorn",Staghorn sumac/Rhus typhina
Robinia,pseudoacacia,Robinia pseudoacacia,Black locust,"Locust, Black",Black locust/Robinia pseudoacacia
Salix,alba,Salix alba,White willow,"Willow, White",White willow/Salix alba
Salix,babylonica,Salix babylonica,Weeping willow,"Willow, Weeping",Weeping willow/Salix babylonica
Salix,discolor,Salix discolor,Pussy willow,"Willow, Pussy",Pussy willow/Salix discolor
Salix,nigra,Salix nigra,Black willow,"Willow, Black",Black willow/Salix nigra
Salix,spp.,Salix spp.,Willow species,"Willow, Species",Willow species/Salix spp.
Sambucus,canadensis,Sambucus canadensis,American elderberry,"Elderberry, American",American elderberry/Sambucus canadensis
Sassafras,albidum,Sassafras albidum,Sassafras,Sassafras,Sassafras/Sassafras albidum
Sorbus,alnifolia,Sorbus alnifolia,Korean mountain-ash,"Mountain-Ash, Korean",Korean mountain-ash/Sorbus alnifolia
Sorbus,americana,Sorbus americana,American mountain-ash,"Mountain-Ash, American",American mountain-ash/Sorbus americana
Sorbus,aucuparia,Sorbus aucuparia,European mountain-ash,"Mountain-Ash, European",European mountain-ash/Sorbus aucuparia
Sorbus,spp.,Sorbus spp.,Mountain-ash species,"Mountain-Ash, Species",Mountain-ash species/Sorbus spp.
Spirea,spp.,Spirea spp.,Spirea species,"Spirea, Species",Spirea species/Spirea spp.
Styphnolobium,japonicum,Styphnolobium japonicum,Pagoda tree,Pagoda tree,Pagoda tree/Styphnolobium japonicum
Styrax,japonicus,Styrax japonicus,Japanese snowbell,"Snowbell, Japanese",Japanese snowbell/Styrax japonicus
Syringa,pekinensis,Syringa pekinensis,Chinese lilac,"Lilac, Chinese",Chinese lilac/Syringa pekinensis
Syringa,reticulata,Syringa reticulata,Japanese tree lilac,"Lilac, Japanese tree",Japanese tree lilac/Syringa reticulata
Syringa,spp.,Syringa spp.,Lilac species,"Lilac, Species",Lilac species/Syringa spp.
Syringa,vulgaris,Syringa vulgaris,Common lilac,"Lilac, Common",Common lilac/Syringa vulgaris
Taxodium,distichum,Taxodium distichum,Bald cypress,Bald Cypress,Bald cypress/Taxodium distichum
Taxus,cuspidata,Taxus cuspidata,Japanese yew,"Yew, Japanese",Japanese yew/Taxus cuspidata
Taxus,spp.,Taxus spp.,Yew species,"Yew, Species",Yew species/Taxus spp.
Thuja,occidentalis,Thuja occidentalis,Eastern arborvitae,"Arborvitae, Eastern",Eastern arborvitae/Thuja occidentalis
Thuja,plicata,Thuja plicata,Western redcedar,"Redcedar, Western",Western redcedar/Thuja plicata
Thuja,spp.,Thuja spp.,Arborvitae species,"Arborvitae, Species",Arborvitae species/Thuja spp.
Tilia,americana,Tilia americana,American basswood,"Linden, Basswood",American basswood/Tilia americana
Tilia,cordata,Tilia cordata,Littleleaf linden,"Linden, Littleleaf",Littleleaf linden/Tilia cordata
Tilia,spp.,Tilia spp.,Linden species,"Linden, Species",Linden species/Tilia spp.
Tilia,tomentosa,Tilia tomentosa,Silver linden,"Linden, Silver",Silver linden/Tilia tomentosa
Tsuga,canadensis,Tsuga canadensis,Canadian hemlock,"Hemlock, Canadian",Canadian hemlock/Tsuga canadensis
Tsuga,spp.,Tsuga spp.,Hemlock species,"Hemlock, Species",Hemlock species/Tsuga spp.
Ulmus,alata,Ulmus alata,Winged elm,"Elm, Winged",Winged elm/Ulmus alata
Ulmus,americana,Ulmus americana,American elm,"Elm, American",American elm/Ulmus americana
Ulmus,crassifolia,Ulmus crassifolia,Cedar elm,"Elm, Cedar",Cedar elm/Ulmus crassifolia
Ulmus,glabra,Ulmus glabra,Scots elm,"Elm, Scots",Scots elm/Ulmus glabra
Ulmus,hybrid,Ulmus hybrid,Elm hybrid,"Elm, Hybrid",Elm hybrid/Ulmus hybrid
Ulmus,minor,Ulmus minor,English elm,"Elm, English",English elm/Ulmus minor
Ulmus,parvifolia,Ulmus parvifolia,Chinese elm,"Elm, Chinese",Chinese elm/Ulmus parvifolia
Ulmus,pumila,Ulmus pumila,Siberian elm,"Elm, Siberian",Siberian elm/Ulmus pumila
Ulmus,rubra,Ulmus rubra,Slippery elm,"Elm, Slippery",Slippery elm/Ulmus rubra
Ulmus,spp.,Ulmus spp.,Elm species,"Elm, Species",Elm species/Ulmus spp.
Unknown,spp.,Unknown spp.,Unknown species,"Species, Unknown",Unknown species/Unknown spp.
Viburnum,acerifolium,Viburnum acerifolium,Mapleleaf viburnum,"Viburnum, Mapleleaf",Mapleleaf viburnum/Viburnum acerifolium
Viburnum,lentago,Viburnum lentago,Nannyberry viburnum,"Viburnum, Nannyberry",Nannyberry viburnum/Viburnum lentago
Viburnum,prunifolium,Viburnum prunifolium,Blackhaw viburnum,"Viburnum, Blackhaw",Blackhaw viburnum/Viburnum prunifolium
Viburnum,rhytidophyllum,Viburnum rhytidophyllum,Leatherleaf viburnum,"Viburnum, Leatherleaf",Leatherleaf viburnum/Viburnum rhytidophyllum
Viburnum,spp.,Viburnum spp.,Viburnum species,"Viburnum, Species",Viburnum species/Viburnum spp.
Viburnum,trilobum,Viburnum trilobum,American cranberrybush,"Cranberrybush, American",American cranberrybush/Viburnum trilobum
Zanthoxylum,americanum,Zanthoxylum americanum,Prickly ash,"Ash, Prickly",Prickly ash/Zanthoxylum americanum
Zelkova,serrata,Zelkova serrata,Japanese zelkova,"Zelkova, Japanese",Japanese zelkova/Zelkova serrata
Zelkova,spp.,Zelkova spp.,Zelkova species,"Species, Zelkova",Zelkova species/Zelkova spp.
